<?xml version="1.0" encoding="UTF-8"?>

<!-- Pivot4J Analytics configuration file. -->
<config>
	<!-- Data source definitions. -->
	<datasources>
		<!-- 
			You can register any kind of data source which is supported by Olap4J.
			For a reference of available drivers and connection parameters, please 
			visit the Olap4J home page :

			http://www.olap4j.org/
		-->
		<datasource>
			<name>SMS</name>
			<description>SMS</description>

			<connection-info>
				<url>jdbc:mondrian:</url>
				<driverClass>mondrian.olap4j.MondrianOlap4jDriver</driverClass>
             <properties>
				<property name="Catalog">file:${webRoot}${FS}SMS.xml</property>
				<property name="Jdbc">jdbc:oracle:thin:sms/sms@localhost:1521:xe</property>
				<property name="JdbcDrivers">oracle.jdbc.driver.OracleDriver</property>
				<property name="JdbcUser">sms</property>
				<Property name="JdbcPassword">sms</Property>
			</properties>
			</connection-info>
		</datasource>


		<datasource>
			<name>FoodMart Mondrian</name>
			<description>FoodMart sample data source.</description>

			<connection-info>
				<url>jdbc:mondrian:</url>
				<driverClass>mondrian.olap4j.MondrianOlap4jDriver</driverClass>
             <properties>
				<property name="Catalog">file:${webRoot}${FS}FoodMart.xml</property>
				<property name="Jdbc">jdbc:oracle:thin:foodmart/foodmart@localhost:1521:xe</property>
				<property name="JdbcDrivers">oracle.jdbc.driver.OracleDriver</property>
				<property name="JdbcUser">foodmart</property>
				<Property name="JdbcPassword">foodmart</Property>
			</properties>
			</connection-info>
		</datasource>
		
		<!-- XMLA data source example 
	
		<datasource>
			<name>FoodMart XMLA</name>
			<description>FoodMart sample data source(XMLA).</description>

			<connection-info>
				<url>jdbc:xmla:</url>
				<driverClass>org.olap4j.driver.xmla.XmlaOlap4jDriver</driverClass>
				<user>somebody</user>
				<password>secret</password>

				<properties>
					<property name="Server">http://localhost:8585/mondrian/xmla</property>
					<property name="Catalog">FoodMart</property>
				</properties>
			</connection-info>
		</datasource> -->

	</datasources>

	<!-- Appearance settings. -->
	<appearances>
		<!--
			You can download more themes from the below site and install them 
			under the application library directory (i.e. '/WEB-INF/lib') :

			http://www.primefaces.org/themes.html
		-->
		<ui-theme>
			<default>redmond</default>
			<available-themes>
				<theme name="aristo" description="Aristo" />
				<theme name="bootstrap" description="Bootstrap" />
				<theme name="black-tie" description="Black-Tie" />
				<theme name="cruze" description="Cruze" />
				<theme name="humanity" description="Humanity" />
				<theme name="redmond" description="Redmond" />
				<theme name="rocket" description="Rocket" />
			</available-themes>
		</ui-theme>

		<!--
			For a complete list of available editor themes, please visit : 
			http://codemirror.net/demo/theme.html
		-->
		<editor-theme>eclipse</editor-theme>
	</appearances>

	<model>
		<nonEmpty default="false" />
	</model>

	<!-- 
		Default file extension. When blank, files will be saved without 
		an extension.
	-->
	<repository>
		<extension>pivot4j</extension>
	</repository>

	<render>
		<!-- Show all non-internal member properties -->
		<!-- 
		<propertyCollector type="non-internal" />
		-->
	</render>

	<!-- Miscellaneous settings used for integration with other systems. -->
	<web>
		<!-- URI prefix for web resources like images or stylesheets. -->
		<resource-prefix />

		<!-- Name of a session attribute variable for user locale. -->
		<locale-attribute>locale</locale-attribute>

		<!-- Name of a request parameter for view id. -->
		<view-parameter>viewId</view-parameter>

		<!-- Name of a request parameter for file id. -->
		<file-parameter>fileId</file-parameter>

		<!-- Name of a request parameter for file path. -->
		<path-parameter>path</path-parameter>
	</web>
</config>